variant,frames,exact,total,em,avg_f1,absent_exact,absent_total,font_path,font_size,threshold,line_spacing,frame_size
"zpix12-t030-l0-f2000","1","4","12","0.3333333333333333","0.5748073394234811","2","2","fonts/zpix.ttf","12","0.3","0","2000"
"zpix12-t035-l0-f2000","1","4","12","0.3333333333333333","0.5684074330235748","2","2","fonts/zpix.ttf","12","0.35","0","2000"
"zpix12-t030-l1-f2000","2","4","12","0.3333333333333333","0.6141521224093894","2","2","fonts/zpix.ttf","12","0.3","1","2000"
"zpix12-t035-l1-f2000","2","4","12","0.3333333333333333","0.6257415623435738","2","2","fonts/zpix.ttf","12","0.35","1","2000"
"zpix12-t030-l2-f2000","2","4","12","0.3333333333333333","0.6062571415512591","2","2","fonts/zpix.ttf","12","0.3","2","2000"
