variant,frames,content_width,content_height,compact_chars,exact,total,em,avg_f1,absent_exact,absent_total
"zpix12-t035-l1-f2000-c1800","2","1800","1800","35460","4","12","0.3333333333333333","0.6254095587788117","2","2"
"zpix12-t035-l1-f2000-c1600","2","1600","1600","35460","2","12","0.16666666666666666","0.4645202621780371","2","2"
"zpix12-t035-l1-f2000-c1400","3","1400","1400","35460","4","12","0.3333333333333333","0.628728845247608","2","2"
